Sub Topic,Title,Description,Explanation,Tags,Answer,Option,Level,Destination,correct options,mark,nMark,category
CRD BE 1,Assessment,How much time will it take for an amount of Rs. 450 to yield Rs. 81 as interest at 4.5% per annum of simple interest?,Not Available,CRD BE,single,"3.5 years,4 years,4.5 years,5 years",0.3,mock,1,1,0,CRD
CRD BE 1,Assessment,A sum of money amounts to Rs. 9800 after 5 years and Rs. 12005 after 8 years at the same rate of simple interest. The rate of interest per annum is:,Not Available,CRD BE,single,"5%,8%,12%,15%",0.3,mock,2,1,0,CRD
CRD BE 1,Assessment,The compound interest on a certain sum for 2 years at 10% per annum is Rs. 525. The simple interest on the same sum for double the time at half the rate percent per annum is:,Not Available,CRD BE,single,"Rs. 400,Rs. 500,Rs. 600,Rs. 800",0.3,mock,1,1,0,CRD
CRD BE 1,Assessment,A man travelled 30% of his journey at a speed of 85 kmph and the rest of his journey at a speed of 33 kmph. Find his average speed throughout the journey.,Not Available,CRD BE,single,"48.6 kmph,46.6 kmph,42.6 kmph,44.6 kmph",0.3,mock,0,1,0,CRD
CRD BE 1,Assessment,The speed of a boat upstream is 20 kmph. Find the speed of the boat downstream if the speed of the stream is 3 kmph.,Not Available,CRD BE,single,"26 kmph,25 kmph,23 kmph,22 kmph",0.3,mock,0,1,0,CRD
CRD BE 1,Assessment,The purchase price of an article is 20% less than the profit made. Find the profit if the selling price is 360 rupees.,Not Available,CRD BE,single,"180 rupees,240 rupees,160 rupees,200 rupees",0.3,mock,3,1,0,CRD
CRD BE 1,Assessment,"A mixture contains milk and water in the ratio 5 : 9. When 5 liters of water is added, the ratio changes to 5 : 11. Find the quantity of milk in the initial mixture.",Not Available,CRD BE,single,"15 liters,12.5 liters,17 liters,10.5 liters",0.3,mock,1,1,0,CRD
CRD BE 1,Assessment,"Three pipes A, B and C can fill a tank in 50 minutes, 120 minutes, and 60 minutes, respectively. If all the pipes are opened together, how much time is required to fill 27% of the tank?",Not Available,CRD BE,single,"10 minutes,2 minutes,4 minutes,6 minutes",0.3,mock,3,1,0,CRD
CRD BE 1,Assessment,"When my parents married, their ages were in the ratio 11 : 10 (father's age : mother's age). This year they celebrated their 15th anniversary. If the total of their ages at their silver jubilee anniversary will be 113 years, find my father's age now.",Not Available,CRD BE,single,"40 years,33 years,48 years,42 years",0.3,mock,2,1,0,CRD
CRD BE 1,Assessment,"On what dates of April, 2001 did Wednesday fall?",Not Available,CRD BE,single,"1st.8th.15th.22nd.29th, 2nd.9th.16th.23rd.30th, 3rd.10th.17th.24th, 4th.11th.18th.25th",0.3,mock,3,1,0,CRD
CRD BE 1,Assessment,"On 8th Feb, 2005 it was Tuesday. What was the day of the week on 8th Feb, 2004?",Not Available,CRD BE,single,"Tuesday,Monday,Sunday,Wednesday",0.3,mock,2,1,0,CRD
CRD BE 1,Assessment,"A bag contains 10 red cards and some yellow cards. If the probability of getting a yellow card is thrice the probability of getting a red card, then what is the number of yellow cards?",Not Available,CRD BE,single,"15,30,20,25",0.3,mock,1,1,0,CRD
CRD BE 1,Assessment,"If x+y=21 and xy=110, find the value of x^2 + y^2.",Not Available,CRD BE,single,"221, 241,  331, 321",0.3,mock,0,1,0,CRD
CRD BE 1,Assessment,The cost price of an article is 1.56 times the selling price. Find the loss percentage.,Not Available,CRD BE,single,"37.8%,35.9%,39.5%,34.5%",0.3,mock,1,1,0,CRD
CRD BE 1,Assessment,Find the square root of 44521,Not Available,CRD BE,single,"221,219,211,229",0.3,mock,2,1,0,CRD
CRD BE 1,Assessment,Two numbers are in the ratio 4 : 5. Their LCM is 240. Find the sum of the numbers.,Not Available,CRD BE,single,"108, 120, 132, 98",0.3,mock,0,1,0,CRD
CRD BE 1,Assessment,If log10 2 = 0.3010 the value of log10 80 is:,Not Available,CRD BE,single,"1.6020,1.9030,3.9030,None of these",0.3,mock,1,1,0,CRD
CRD BE 1,Assessment,The angle between the minute hand and the hour hand of a clock when the time is 4:20 is:,Not Available,CRD BE,single,"0°,10°,5°,20°",0.3,mock,3,1,0,CRD
CRD BE 1,Assessment,"Salaries of Ravi and Sumit are in the ratio 2 : 3. If the salary of each is increased by Rs. 4000, the new ratio becomes 40 : 57. What is Sumit's salary?",Not Available,CRD BE,single,"Rs. 17000,Rs. 20000,Rs. 25500,Rs. 38000",0.3,mock,3,1,0,CRD
CRD BE 1,Assessment,"Imran started a software business by investing Rs. 50,000. After six months, Nanda joined with a capital of Rs. 80,000. After 3 years, they earned a profit of Rs. 24,500. What was Imran's share in the profit?",Not Available,CRD BE,single,"Rs. 9423,Rs. 10250,Rs. 12500,Rs. 10500",0.3,mock,3,1,0,CRD
CRD BE 1,Assessment,DEF  DEF2  DE2F2   _____  D2E2F3,Not Available,CRD BE,single,"DEF3,D3EF3,D2E3F,D2E2F2",0.3,mock,3,1,0,CRD
CRD BE 1,Assessment,Which word does NOT belong with the others?,Not Available,CRD BE,single,"parsley,basil,dill,mayonnaise",0.3,mock,3,1,0,CRD
CRD BE 1,Assessment,Applying for Seasonal Employment occurs when a person requests to be considered for a job that is dependent on a particular season or time of year. Which situation below is the best example of Applying for Seasonal Employment?,Not Available,CRD BE,single,"The ski instructors at Top of the Peak Ski School work from December through March.,Matthew prefers jobs that allow him to work outdoors.,Lucinda makes an appointment with the beach resort restaurant manager to interview for the summer waitressing position that was advertised in the newspaper.,Doug's ice cream shop stays open until 11 p.m. during the summer months.",0.3,mock,2,1,0,CRD
CRD BE 1,Assessment,"Find the correct alternative which will replace the question mark?  Missing Figure:
",Not Available,CRD BE,single,"107,  285,  220,  164",0.3,mock,2,1,0,CRD
CRD BE 1,Assessment,Marathon is to race as hibernation is to,Not Available,CRD BE,single,"winter,bear,dream,sleep",0.3,mock,3,1,0,CRD
CRD BE 1,Assessment,"Arguments:
i)No. Kashmir is a beautiful state. It earns a lot of foreign exchange for India.
ii)Yes. This would help settle conflicts.",Not Available,CRD BE,single,"Only argument I is strong,Only argument II is strong,Either I or II is strong,Neither I nor II is strong",0.3,mock,0,1,0,CRD
CRD BE 1,Assessment,Look at this series: 2 1 (1/2) (1/4)... What number should come next?,Not Available,CRD BE,single,"(1/3),(1/8),(2/8),(1/16)",0.3,mock,1,1,0,CRD
CRD BE 1,Assessment,"Mrs. Carson took a taxi to meet her three friends for lunch. They were waiting for her outside the restaurant when she pulled up in the car. She was so excited to see her friends that she left her tote bag in the taxi. As the taxi pulled away she and her friends took notice of the license plate number so they would be able to identify the car when they called the taxi company.
1. The four women seem to agree that the plate starts out with the letter J.
2. Three of them agree that the plate ends with 12L.
3. Three of them think that the second letter is X and a different three think that the third letter is K.
4. The four license plate numbers below represent what each of the four women thinks she saw. Which one is most likely the license plate number of the taxi?
",Not Available,CRD BE,single,"JXK 12L,JYK 12L,JXK 12I,JXX 12L",0.3,mock,0,1,0,CRD
CRD BE 1,Assessment,Milly introduced a boy as the son of the only daughter of the mother of her maternal uncle. How is Milly related to that boy?,Not Available,CRD BE,single,"Nephew,Son,Brother,Sister",0.3,mock,3,1,0,CRD
CRD BE 1,Assessment,Which of the regions in the following figure represents students who play Volleyball or Football or both but not Basketball?,Not Available,CRD BE,single,"A + D + G,A + G – D,C + D,D",0.3,mock,1,1,0,CRD
CRD BE 1,Assessment,"Choose the correct option to complete the sentence.
She is _____ MBA graduate and currently works for _____ MNC in Chennai.",Not Available,CRD BE,single,"a.an,an.a,an.an,a.the",0.3,mock,0,1,0,CRD
CRD BE 1,Assessment," Choose the correct indirect speech.
The manager said ""Submit the report before 5 p.m.""
",Not Available,CRD BE,single,"The manager said that submit the report before 5 p.m.,The manager ordered to submit the report before 5 p.m.,The manager instructed them to submit the report before 5 p.m.,The manager told that they submit the report before 5 p.m.",0.3,mock,2,1,0,CRD
CRD BE 1,Assessment,"Choose the correct tense.
By the time the interview started, all the candidates _____ their documents.",Not Available,CRD BE,single,"submitted,have submitted,had submitted,were submitting",0.3,mock,2,1,0,CRD
CRD BE 1,Assessment,"Choose the correct conjunction.
_____ he worked hard he could not clear the aptitude test.
",Not Available,CRD BE,single,"Because,Although,Since,Therefore",0.3,mock,1,1,0,CRD
CRD BE 1,Assessment,"Choose the correct preposition.
The HR manager congratulated the candidate _____ his excellent performance.",Not Available,CRD BE,single,"on,for,with,at",0.3,mock,0,1,0,CRD
CRD BE 1,Assessment,"Choose the correct option based on Subject-Verb Agreement.
Each of the employees _____ required to complete the training.",Not Available,CRD BE,single,"are,were,is,have",0.3,mock,2,1,0,CRD
CRD BE 1,Assessment,Identify the odd one out.,Not Available,CRD BE,single,"Apple,Mango,Carrot,Orange",0.3,mock,2,1,0,CRD
CRD BE 1,Assessment,"Choose the correct word to complete the blank.
The company is looking for candidates who are highly _____ and willing to learn new technologies.",Not Available,CRD BE,single,"adaptable,adapting,adaptation,adapt",0.3,mock,0,1,0,CRD
CRD BE 1,Assessment,Choose the word that does not belong to the group.,Not Available,CRD BE,single,"Java,Python,C++,Windows",0.3,mock,3,1,0,CRD
CRD BE 1,Assessment,"Choose the correct word to complete the sentence.
The manager asked the candidate to _____ the confidential document carefully.",Not Available,CRD BE,single,"read,reed,red,rid",0.3,mock,0,1,0,CRD
CRD BE 1,Assessment,"What will be the output of the following program?
class Test {
 	public static void main(String[] args) {
     	int x = 10;
     	System.out.println(x++ + ++x);
 	}
 }",Not Available,CRD BE,single,"20,21,22,Compilation Error",0.3,mock,2,1,0,CRD
CRD BE 1,Assessment,Which of the following statements about Java interfaces is correct?,Not Available,CRD BE,single,"An interface can have constructors.,An interface can contain static and default methods.,A class can extend multiple interfaces.,An interface cannot contain private methods.",0.3,mock,1,1,0,CRD
CRD BE 1,Assessment,"What will be the output?
class Parent {
         void display() { System.out.print(""Parent ""); }
 }
 class Child extends Parent {
         void display() { System.out.print(""Child ""); }
         public static void main(String[] args) {
             Parent obj = new Child();
             obj.display();
         }
 }",Not Available,CRD BE,single,"Parent,Child,Parent Child,Compilation Error",0.3,mock,1,1,0,CRD
CRD BE 1,Assessment,Which collection automatically removes duplicate elements while maintaining the insertion order?,Not Available,CRD BE,single,"HashSet,TreeSet,LinkedHashSet,ArrayList",0.3,mock,2,1,0,CRD
CRD BE 1,Assessment,"What will happen when the following code is executed?
public class Test {
 	public static void main(String[] args) {
     	try {
         	int a = 10 / 0;
         	System.out.println(a);
     	} catch (ArithmeticException e) {
         	System.out.print(""A "");
     	} finally {
             System.out.print(""B"");
     	}
 	}
 }",Not Available,CRD BE,single,"A,B,AB,Runtime Error",0.3,mock,2,1,0,CRD
CRD BE 1,Assessment,Which of the following data structures is best suited for implementing Breadth-First Search (BFS) on a graph?,Not Available,CRD BE,single,"Stack,Queue,Priority Queue,Linked List",0.3,mock,1,1,0,CRD
CRD BE 1,Assessment,"Consider the following postfix expression:
8 3 2 * + 5 -",Not Available,CRD BE,single,"8,9,10,11",0.3,mock,1,1,0,CRD
CRD BE 1,Assessment,Which traversal of a Binary Search Tree (BST) always produces the elements in ascending order?,Not Available,CRD BE,single,"Preorder,Postorder,Inorder,Level Order",0.3,mock,2,1,0,CRD
CRD BE 1,Assessment,"A hash table uses separate chaining for collision resolution. If n elements are stored in m buckets, what is the average-case time complexity of a successful search (assuming uniform hashing)?",Not Available,CRD BE,single,"O(1 + n/m),O(log n),O(n log n),O(n²)",0.3,mock,0,1,0,CRD
CRD BE 1,Assessment,A graph has 8 vertices and 7 edges. The graph is connected and contains no cycles. What type of graph is it?,Not Available,CRD BE,single,"Complete Graph,Directed Acyclic Graph (DAG),Tree,Bipartite Graph",0.3,mock,2,1,0,CRD